target,n_total,n_ok,mean,median,std,p90
VDR,1000,583,14.542819243334307,13.554836764792753,5.958690755269549,21.281213127718388
