{
  "target": "OPRK1",
  "n_top_requested": 2469,
  "n_phi_computed": 2469,
  "score_min": -13.789,
  "score_max": -10.327,
  "score_mean": -10.71438193600648,
  "y_raw": [
    3.878880500793457,
    0.581110954284668,
    3.1730921268463135,
    78.42488098144531,
    441.11602783203125,
    4.712839126586914,
    1.2179019451141357,
    4.567436218261719
  ],
  "y_std": [
    0.9912756085395813,
    -1.0877313613891602,
    0.14452145993709564,
    0.5933947563171387,
    1.7588040828704834,
    0.4452162981033325,
    -0.028914237394928932,
    0.004695461131632328
  ],
  "phi_std_of_top": [
    1.2333958148956299,
    0.1621272712945938,
    0.6269294619560242,
    24.737789154052734,
    54.77286911010742,
    1.6548467874526978,
    0.9975171089172363,
    1.761842131614685
  ],
  "top_frac": 0.01
}