{
  "target": "PPARG",
  "n_top_requested": 2469,
  "n_phi_computed": 2469,
  "score_min": -11.821,
  "score_max": -9.124,
  "score_mean": -9.453260834345889,
  "y_raw": [
    3.690354108810425,
    0.5719912052154541,
    3.1122984886169434,
    86.8390121459961,
    440.1414489746094,
    5.197246074676514,
    1.4224382638931274,
    4.761441707611084
  ],
  "y_std": [
    0.8598331809043884,
    -1.1535462141036987,
    0.07159145921468735,
    0.9602802991867065,
    1.7430708408355713,
    0.7351760864257812,
    0.20286531746387482,
    0.12986847758293152
  ],
  "phi_std_of_top": [
    1.3401439189910889,
    0.1537325084209442,
    0.635830819606781,
    25.341140747070312,
    53.75114059448242,
    1.6606736183166504,
    1.0238964557647705,
    1.6845743656158447
  ],
  "top_frac": 0.01
}