{
  "target": "FEN1",
  "n_top_requested": 2469,
  "n_phi_computed": 2469,
  "score_min": -8.965,
  "score_max": -7.203,
  "score_mean": -7.460128392061564,
  "y_raw": [
    3.3872876167297363,
    0.5882061123847961,
    3.4157702922821045,
    88.83245086669922,
    447.2207336425781,
    5.37829065322876,
    1.3600647449493408,
    4.07128381729126
  ],
  "y_std": [
    0.6485322713851929,
    -1.0365275144577026,
    0.4356459975242615,
    1.0472012758255005,
    1.8573566675186157,
    0.8435470461845398,
    0.1321839541196823,
    -0.31542378664016724
  ],
  "phi_std_of_top": [
    1.3543791770935059,
    0.1462012231349945,
    0.6897579431533813,
    25.47062873840332,
    46.61744689941406,
    1.663795828819275,
    1.077568531036377,
    1.497857928276062
  ],
  "top_frac": 0.01
}