{
  "n_mol": 10010,
  "unique_z": [
    1,
    6,
    7,
    8,
    9,
    15,
    16,
    17,
    35
  ],
  "beta_kcal_per_atom_by_z": {
    "1": -1.7821325723781005,
    "6": -2.2510210924884757,
    "7": -4.242623022303278,
    "8": -2.429764569834164,
    "9": -4.86916590759091,
    "15": -12.260932869274306,
    "16": -15.357112835518366,
    "17": -6.164696337009392,
    "35": 9.22343039557335
  },
  "raw": {
    "mae_kcal_per_mol": 124.75132641222079,
    "rmse_kcal_per_mol": 199.01901667848128,
    "mae_per_atom_kcal": 8.306490131755265,
    "spearman": 0.9948736424216194
  },
  "after_element_offset": {
    "mae_kcal_per_mol": 74.66358180177247,
    "rmse_kcal_per_mol": 179.6668006611178,
    "mae_per_atom_kcal": 6.734213282106787,
    "spearman": 0.9946557966863995
  },
  "notes": "SPICE val residuals fit with per-element OLS offsets (no intercept)."
}