{
  "target": "PKM2",
  "n_top_requested": 2469,
  "n_phi_computed": 2469,
  "score_min": -14.956,
  "score_max": -11.909,
  "score_mean": -12.387089914945323,
  "y_raw": [
    4.016913414001465,
    0.5785804390907288,
    2.9950411319732666,
    77.11644744873047,
    433.01953125,
    4.519643783569336,
    1.2308627367019653,
    5.076549053192139
  ],
  "y_std": [
    1.0875135660171509,
    -1.105993390083313,
    -0.06907424330711365,
    0.5363425016403198,
    1.6280966997146606,
    0.32957202196121216,
    -0.014227132312953472,
    0.333176851272583
  ],
  "phi_std_of_top": [
    1.096351146697998,
    0.1547185331583023,
    0.575162410736084,
    23.722211837768555,
    51.78214645385742,
    1.5511105060577393,
    0.9319530725479126,
    1.80617356300354
  ],
  "top_frac": 0.01
}