{
  "target": "IDH1",
  "n_top_requested": 2469,
  "n_phi_computed": 2469,
  "score_min": -12.916,
  "score_max": -10.059,
  "score_mean": -10.416092750101257,
  "y_raw": [
    3.882352113723755,
    0.6404595971107483,
    3.164304256439209,
    71.70928192138672,
    417.6934509277344,
    4.107736110687256,
    1.2235722541809082,
    4.0992302894592285
  ],
  "y_std": [
    0.9936960339546204,
    -0.6594277024269104,
    0.13397924602031708,
    0.30057114362716675,
    1.3806769847869873,
    0.08300935477018356,
    -0.02248867228627205,
    -0.2973926365375519
  ],
  "phi_std_of_top": [
    1.0994038581848145,
    0.1562035232782364,
    0.6582478284835815,
    23.632858276367188,
    52.82646560668945,
    1.543133020401001,
    0.900592029094696,
    1.5325119495391846
  ],
  "top_frac": 0.01
}