target,n_total,n_ok,mean,median,top10_mean,p90
VDR,502,500,-8.675799999999999,-8.729,-12.059999999999999,-6.7458
