{
  "target": "TP53",
  "n_top_requested": 2469,
  "n_phi_computed": 2469,
  "score_min": -9.29,
  "score_max": -7.363,
  "score_mean": -7.636083434588903,
  "y_raw": [
    3.5951011180877686,
    0.6434727907180786,
    3.0235283374786377,
    78.11485290527344,
    403.5429382324219,
    4.765897274017334,
    1.3556095361709595,
    4.495342254638672
  ],
  "y_std": [
    0.7934218645095825,
    -0.637682318687439,
    -0.03490007296204567,
    0.5798764228820801,
    1.1522353887557983,
    0.476976215839386,
    0.12713532149791718,
    -0.04181981459259987
  ],
  "phi_std_of_top": [
    1.1814316511154175,
    0.15706631541252136,
    0.5901904702186584,
    24.6447811126709,
    54.06718826293945,
    1.680732250213623,
    0.9490443468093872,
    1.6474708318710327
  ],
  "top_frac": 0.01
}