{
  "target": "ESR_ago",
  "n_top_requested": 2469,
  "n_phi_computed": 2469,
  "score_min": -12.62,
  "score_max": -10.384,
  "score_mean": -10.745880113406239,
  "y_raw": [
    3.736419916152954,
    0.6418846249580383,
    3.1958389282226562,
    71.17874145507812,
    422.8658752441406,
    4.30376672744751,
    1.011340618133545,
    4.266099452972412
  ],
  "y_std": [
    0.8919507265090942,
    -0.6491436958312988,
    0.17180925607681274,
    0.2774377167224884,
    1.4641791582107544,
    0.2003507763147354,
    -0.26298850774765015,
    -0.18972806632518768
  ],
  "phi_std_of_top": [
    1.067541241645813,
    0.13512888550758362,
    0.6390185356140137,
    23.386789321899414,
    42.573509216308594,
    1.5361404418945312,
    0.8826829195022583,
    1.454612374305725
  ],
  "top_frac": 0.01
}