{
  "n_val": 10010,
  "raw": {
    "mae": 62.99873757529092,
    "rmse": 174.2750893674737,
    "spearman": 0.9951393110890049,
    "mae_per_atom": 5.736615399880328
  },
  "recal": {
    "mae": 55.86942549942733,
    "rmse": 173.37885615530985,
    "spearman": 0.9951956297206614,
    "mae_per_atom": 5.5982044289112745
  },
  "per_element_force_mae_kcal_per_A": {
    "H": 1.1134284734725952,
    "C": 2.5067994594573975,
    "N": 3.452770471572876,
    "O": 2.9325168132781982,
    "F": 2.244140863418579,
    "P": 12.24985408782959,
    "S": 3.822977304458618,
    "Cl": 2.654963970184326,
    "Br": 1.8068253993988037
  }
}