{
  "target": "GBA",
  "n_top_requested": 2469,
  "n_phi_computed": 2469,
  "score_min": -11.769,
  "score_max": -8.997,
  "score_mean": -9.304110976103685,
  "y_raw": [
    3.443840742111206,
    0.6103807687759399,
    3.3249964714050293,
    84.0978775024414,
    431.87017822265625,
    5.04536247253418,
    1.2693397998809814,
    3.959902763366699
  ],
  "y_std": [
    0.6879616379737854,
    -0.8764987587928772,
    0.32675081491470337,
    0.8407572507858276,
    1.609541893005371,
    0.6442605257034302,
    0.02937488630414009,
    -0.3872872292995453
  ],
  "phi_std_of_top": [
    1.28224515914917,
    0.15133145451545715,
    0.6863429546356201,
    25.207307815551758,
    53.058265686035156,
    1.6596723794937134,
    1.0098514556884766,
    1.4197957515716553
  ],
  "top_frac": 0.01
}