{
  "n_val": 10010,
  "raw": {
    "mae": 80.07428034307001,
    "rmse": 183.98652520685332,
    "spearman": 0.9944841513159005,
    "mae_per_atom": 5.787362699556148
  },
  "recal": {
    "mae": 70.51517631843254,
    "rmse": 181.82795889094277,
    "spearman": 0.9944503646688971,
    "mae_per_atom": 5.41059210776409
  },
  "per_element_force_mae_kcal_per_A": {
    "H": 1.2941150665283203,
    "C": 2.7869985103607178,
    "N": 3.6949942111968994,
    "O": 3.3049380779266357,
    "F": 3.2546072006225586,
    "P": 17.377864837646484,
    "S": 4.639986038208008,
    "Cl": 2.4958901405334473,
    "Br": 2.0777621269226074
  }
}