{
  "n_val": 10010,
  "raw": {
    "mae": 61.37547751930686,
    "rmse": 176.77397774040656,
    "spearman": 0.9948826968193446,
    "mae_per_atom": 4.759906553579994
  },
  "recal": {
    "mae": 61.424691754168684,
    "rmse": 176.3457112750664,
    "spearman": 0.9948432008453985,
    "mae_per_atom": 4.720873536707551
  },
  "per_element_force_mae_kcal_per_A": {
    "H": 1.2877222299575806,
    "C": 2.98183012008667,
    "N": 4.207278251647949,
    "O": 3.3889544010162354,
    "F": 2.5032243728637695,
    "P": 20.20652198791504,
    "S": 4.910099029541016,
    "Cl": 3.1953847408294678,
    "Br": 2.506683588027954
  }
}