{
  "target": "ADRB2",
  "n_top_requested": 2469,
  "n_phi_computed": 2469,
  "score_min": -12.712,
  "score_max": -10.513,
  "score_mean": -10.903885378695827,
  "y_raw": [
    3.5947799682617188,
    0.6730568408966064,
    2.9472246170043945,
    74.72402954101562,
    390.8043518066406,
    4.162008762359619,
    1.4187930822372437,
    4.698663234710693
  ],
  "y_std": [
    0.7931979894638062,
    -0.4241819381713867,
    -0.12643647193908691,
    0.43202468752861023,
    0.9465875029563904,
    0.11549627035856247,
    0.1987346112728119,
    0.08936358988285065
  ],
  "phi_std_of_top": [
    1.0112005472183228,
    0.14645259082317352,
    0.5850896835327148,
    24.74258804321289,
    45.8065299987793,
    1.5494076013565063,
    0.9433048367500305,
    1.5225846767425537
  ],
  "top_frac": 0.01
}