{
  "target": "ESR_antago",
  "n_top_requested": 2469,
  "n_phi_computed": 2469,
  "score_min": -12.574,
  "score_max": -10.012,
  "score_mean": -10.369264479546375,
  "y_raw": [
    3.940500497817993,
    0.6252529621124268,
    3.1580679416656494,
    70.17298889160156,
    418.9868469238281,
    4.304171562194824,
    1.086269736289978,
    4.298906326293945
  ],
  "y_std": [
    1.0342376232147217,
    -0.7691700458526611,
    0.12649796903133392,
    0.23358337581157684,
    1.401557207107544,
    0.20059309899806976,
    -0.17807920277118683,
    -0.1685609668493271
  ],
  "phi_std_of_top": [
    1.148619294166565,
    0.16655613481998444,
    0.5998541116714478,
    25.080917358398438,
    58.325042724609375,
    1.6342992782592773,
    0.9100110530853271,
    1.809186577796936
  ],
  "top_frac": 0.01
}