{
  "n_targets": 15,
  "n_targets_tf_beats_ref_mean": 14,
  "n_targets_tf_beats_ref_top1": 0,
  "n_targets_tf_top10_beats_ref_top1": 11,
  "n_targets_significant": 14,
  "summary_mean_diff_kcal_per_mol": -1.118277565727194,
  "per_target": {
    "ADRB2": {
      "n_thermofrag": 150,
      "n_litpcba": 246929,
      "tf_mean": -9.368793333333333,
      "tf_median": -9.402000000000001,
      "tf_top10_mean": -12.241999999999999,
      "ref_mean": -7.8146748542785645,
      "ref_median": -7.833000183105469,
      "ref_top1_mean": -10.903727531433105,
      "ref_top1_cut": -10.512720108032227,
      "mean_percentile_in_ref": 8.82318399215969,
      "mannwhitney_u": 7096184.0,
      "mannwhitney_p": 2.1158422678160553e-39
    },
    "ALDH1": {
      "n_thermofrag": 115,
      "n_litpcba": 246929,
      "tf_mean": -8.580469565217392,
      "tf_median": -8.674,
      "tf_top10_mean": -10.587,
      "ref_mean": -7.815690040588379,
      "ref_median": -7.784999847412109,
      "ref_top1_mean": -10.756759643554688,
      "ref_top1_cut": -10.376720428466797,
      "mean_percentile_in_ref": 23.339907422781447,
      "mannwhitney_u": 8667399.0,
      "mannwhitney_p": 2.346526819183296e-13
    },
    "ESR_ago": {
      "n_thermofrag": 146,
      "n_litpcba": 246929,
      "tf_mean": -8.44210273972603,
      "tf_median": -8.5115,
      "tf_top10_mean": -11.084999999999999,
      "ref_mean": -7.827014923095703,
      "ref_median": -7.815000057220459,
      "ref_top1_mean": -10.744853973388672,
      "ref_top1_cut": -10.383000373840332,
      "mean_percentile_in_ref": 28.012910593733423,
      "mannwhitney_u": 12313258.5,
      "mannwhitney_p": 1.6732382861658527e-11
    },
    "ESR_antago": {
      "n_thermofrag": 160,
      "n_litpcba": 246929,
      "tf_mean": -8.65326875,
      "tf_median": -8.717500000000001,
      "tf_top10_mean": -10.695000000000002,
      "ref_mean": -7.663299083709717,
      "ref_median": -7.6579999923706055,
      "ref_top1_mean": -10.368542671203613,
      "ref_top1_cut": -10.01200008392334,
      "mean_percentile_in_ref": 16.43306375516849,
      "mannwhitney_u": 9907229.0,
      "mannwhitney_p": 4.7515443317861006e-28
    },
    "FEN1": {
      "n_thermofrag": 37,
      "n_litpcba": 246929,
      "tf_mean": -6.6134324324324325,
      "tf_median": -6.636,
      "tf_top10_mean": -7.6777999999999995,
      "ref_mean": -5.49629545211792,
      "ref_median": -5.4670000076293945,
      "ref_top1_mean": -7.458884239196777,
      "ref_top1_cut": -7.203000068664551,
      "mean_percentile_in_ref": 5.872538259985665,
      "mannwhitney_u": 1446962.5,
      "mannwhitney_p": 3.0561029313252327e-13
    },
    "GBA": {
      "n_thermofrag": 67,
      "n_litpcba": 246929,
      "tf_mean": -9.084044776119402,
      "tf_median": -9.188,
      "tf_top10_mean": -10.514000000000001,
      "ref_mean": -6.982786655426025,
      "ref_median": -6.959000110626221,
      "ref_top1_mean": -9.30373764038086,
      "ref_top1_cut": -8.996999740600586,
      "mean_percentile_in_ref": 0.773906669528488,
      "mannwhitney_u": 1257344.0,
      "mannwhitney_p": 1.3805560832734395e-33
    },
    "IDH1": {
      "n_thermofrag": 151,
      "n_litpcba": 246929,
      "tf_mean": -7.670907284768212,
      "tf_median": -7.651,
      "tf_top10_mean": -10.077200000000001,
      "ref_mean": -7.6904706954956055,
      "ref_median": -7.6570000648498535,
      "ref_top1_mean": -10.415226936340332,
      "ref_top1_cut": -10.059000015258789,
      "mean_percentile_in_ref": 49.47697516290108,
      "mannwhitney_u": 18839075.0,
      "mannwhitney_p": 0.5884735084466239
    },
    "KAT2A": {
      "n_thermofrag": 67,
      "n_litpcba": 246929,
      "tf_mean": -7.403925373134329,
      "tf_median": -7.654,
      "tf_top10_mean": -9.1771,
      "ref_mean": -6.8484368324279785,
      "ref_median": -6.809999942779541,
      "ref_top1_mean": -9.357481002807617,
      "ref_top1_cut": -9.015000343322754,
      "mean_percentile_in_ref": 25.06631460865269,
      "mannwhitney_u": 5648342.5,
      "mannwhitney_p": 3.458443737605357e-06
    },
    "MAPK1": {
      "n_thermofrag": 87,
      "n_litpcba": 246929,
      "tf_mean": -8.405724137931035,
      "tf_median": -8.389,
      "tf_top10_mean": -10.584,
      "ref_mean": -6.696539878845215,
      "ref_median": -6.682000160217285,
      "ref_top1_mean": -8.92676830291748,
      "ref_top1_cut": -8.62600040435791,
      "mean_percentile_in_ref": 1.944283579490461,
      "mannwhitney_u": 2470042.0,
      "mannwhitney_p": 8.101683340866419e-36
    },
    "MTORC1": {
      "n_thermofrag": 79,
      "n_litpcba": 246929,
      "tf_mean": -9.581620253164557,
      "tf_median": -9.799,
      "tf_top10_mean": -12.079,
      "ref_mean": -7.947456359863281,
      "ref_median": -7.90500020980835,
      "ref_top1_mean": -11.119219779968262,
      "ref_top1_cut": -10.699999809265137,
      "mean_percentile_in_ref": 7.877163071166206,
      "mannwhitney_u": 3908853.5,
      "mannwhitney_p": 1.43447373125249e-20
    },
    "OPRK1": {
      "n_thermofrag": 93,
      "n_litpcba": 246929,
      "tf_mean": -9.06189247311828,
      "tf_median": -8.92,
      "tf_top10_mean": -11.080999999999998,
      "ref_mean": -7.792506694793701,
      "ref_median": -7.748000144958496,
      "ref_top1_mean": -10.71359920501709,
      "ref_top1_cut": -10.32699966430664,
      "mean_percentile_in_ref": 11.165152736211624,
      "mannwhitney_u": 5046408.5,
      "mannwhitney_p": 3.9702732895366385e-21
    },
    "PKM2": {
      "n_thermofrag": 76,
      "n_litpcba": 246929,
      "tf_mean": -10.055381578947367,
      "tf_median": -10.3,
      "tf_top10_mean": -12.5,
      "ref_mean": -8.760698318481445,
      "ref_median": -8.708999633789062,
      "ref_top1_mean": -12.386896133422852,
      "ref_top1_cut": -11.908720016479492,
      "mean_percentile_in_ref": 15.973417460079618,
      "mannwhitney_u": 4825969.0,
      "mannwhitney_p": 1.1291104942474638e-13
    },
    "PPARG": {
      "n_thermofrag": 36,
      "n_litpcba": 246929,
      "tf_mean": -8.149472222222224,
      "tf_median": -8.2705,
      "tf_top10_mean": -9.6449,
      "ref_mean": -6.9594597816467285,
      "ref_median": -6.934000015258789,
      "ref_top1_mean": -9.452728271484375,
      "ref_top1_cut": -9.12399959564209,
      "mean_percentile_in_ref": 9.746121354721398,
      "mannwhitney_u": 2012100.0,
      "mannwhitney_p": 6.451613625551972e-09
    },
    "TP53": {
      "n_thermofrag": 108,
      "n_litpcba": 246929,
      "tf_mean": -7.120287037037038,
      "tf_median": -7.1475,
      "tf_top10_mean": -8.874199999999998,
      "ref_mean": -5.687436580657959,
      "ref_median": -5.670000076293945,
      "ref_top1_mean": -7.6356401443481445,
      "ref_top1_cut": -7.361999988555908,
      "mean_percentile_in_ref": 2.1653997707843144,
      "mannwhitney_u": 2834698.5,
      "mannwhitney_p": 6.998108000136044e-46
    },
    "VDR": {
      "n_thermofrag": 70,
      "n_litpcba": 246929,
      "tf_mean": -9.331714285714288,
      "tf_median": -9.294,
      "tf_top10_mean": -11.742,
      "ref_mean": -8.766106605529785,
      "ref_median": -8.720999717712402,
      "ref_top1_mean": -12.228252410888672,
      "ref_top1_cut": -11.777000427246094,
      "mean_percentile_in_ref": 30.743655058741584,
      "mannwhitney_u": 6411761.0,
      "mannwhitney_p": 9.205088531501863e-05
    }
  }
}