{
  "n_id": 2000,
  "n_ood": 2000,
  "n_properties": 8,
  "auroc": 0.9954522500000001,
  "c5_target": 0.8,
  "pass_c5": true,
  "stats": {
    "var_id_mean": 0.17428746819496155,
    "var_id_std": 0.12445827573537827,
    "var_id_max": 1.1784807443618774,
    "var_ood_mean": 1.1893227100372314,
    "var_ood_std": 0.4704408049583435,
    "var_ood_max": 2.7696588039398193,
    "var_ratio_mean": 6.823914051055908
  }
}