{
  "n_id": 2000,
  "n_ood_per_setting": 2000,
  "n_properties": 8,
  "phi_axes": [
    "logP",
    "qed",
    "sa",
    "tpsa",
    "mw",
    "hba",
    "hbd",
    "rotb"
  ],
  "var_id_mean": 0.1740800142288208,
  "headline_mixed_3_to_8_axes_r_2.5_to_4.0": {
    "auroc": 0.995435,
    "fpr_at_95tpr": 0.0235,
    "var_id_mean": 0.1740800142288208,
    "var_ood_mean": 1.1894270181655884,
    "var_ratio_mean": 6.832645455757513
  },
  "per_k_axes_pushed": {
    "k=1": {
      "auroc": 0.8698897500000001,
      "fpr_at_95tpr": 0.338,
      "var_id_mean": 0.1740800142288208,
      "var_ood_mean": 0.3488256335258484,
      "var_ratio_mean": 2.003823558201966
    },
    "k=2": {
      "auroc": 0.9578392500000001,
      "fpr_at_95tpr": 0.1355,
      "var_id_mean": 0.1740800142288208,
      "var_ood_mean": 0.5319472551345825,
      "var_ratio_mean": 3.0557629345796387
    },
    "k=3": {
      "auroc": 0.98440725,
      "fpr_at_95tpr": 0.0585,
      "var_id_mean": 0.1740800142288208,
      "var_ood_mean": 0.7144202589988708,
      "var_ratio_mean": 4.1039763361674115
    },
    "k=4": {
      "auroc": 0.99400925,
      "fpr_at_95tpr": 0.026,
      "var_id_mean": 0.1740800142288208,
      "var_ood_mean": 0.9041618704795837,
      "var_ratio_mean": 5.193944143903316
    },
    "k=5": {
      "auroc": 0.9977542500000001,
      "fpr_at_95tpr": 0.0095,
      "var_id_mean": 0.1740800142288208,
      "var_ood_mean": 1.116694688796997,
      "var_ratio_mean": 6.414835693445741
    },
    "k=6": {
      "auroc": 0.998917,
      "fpr_at_95tpr": 0.005,
      "var_id_mean": 0.1740800142288208,
      "var_ood_mean": 1.3066667318344116,
      "var_ratio_mean": 7.506127211762215
    },
    "k=7": {
      "auroc": 0.99947575,
      "fpr_at_95tpr": 0.0025,
      "var_id_mean": 0.1740800142288208,
      "var_ood_mean": 1.5057753324508667,
      "var_ratio_mean": 8.64990354644008
    },
    "k=8": {
      "auroc": 0.99973425,
      "fpr_at_95tpr": 0.0015,
      "var_id_mean": 0.1740800142288208,
      "var_ood_mean": 1.7035261392593384,
      "var_ratio_mean": 9.785880055193122
    }
  },
  "per_r_at_k_random_3_to_8": {
    "r=2.5": {
      "auroc": 0.98145675,
      "fpr_at_95tpr": 0.0645,
      "var_id_mean": 0.1740800142288208,
      "var_ood_mean": 0.7101067900657654,
      "var_ratio_mean": 4.0791976793400355
    },
    "r=3.0": {
      "auroc": 0.993317,
      "fpr_at_95tpr": 0.031,
      "var_id_mean": 0.1740800142288208,
      "var_ood_mean": 1.008966088294983,
      "var_ratio_mean": 5.795990382692316
    },
    "r=3.5": {
      "auroc": 0.9975685,
      "fpr_at_95tpr": 0.0095,
      "var_id_mean": 0.1740800142288208,
      "var_ood_mean": 1.3787364959716797,
      "var_ratio_mean": 7.920130878157379
    },
    "r=4.0": {
      "auroc": 0.99900125,
      "fpr_at_95tpr": 0.0045,
      "var_id_mean": 0.1740800142288208,
      "var_ood_mean": 1.7691634893417358,
      "var_ratio_mean": 10.162932816664885
    }
  },
  "per_single_axis_push": {
    "logP": {
      "auroc": 0.8686770000000001,
      "fpr_at_95tpr": 0.3275,
      "var_id_mean": 0.1740800142288208,
      "var_ood_mean": 0.34865689277648926,
      "var_ratio_mean": 2.0028542295279896
    },
    "qed": {
      "auroc": 0.7869680000000001,
      "fpr_at_95tpr": 0.552,
      "var_id_mean": 0.1740800142288208,
      "var_ood_mean": 0.29813751578330994,
      "var_ratio_mean": 1.7126464350451405
    },
    "sa": {
      "auroc": 0.8976567499999999,
      "fpr_at_95tpr": 0.2555,
      "var_id_mean": 0.1740800142288208,
      "var_ood_mean": 0.3744748532772064,
      "var_ratio_mean": 2.151165111825094
    },
    "tpsa": {
      "auroc": 0.8817687500000001,
      "fpr_at_95tpr": 0.3065,
      "var_id_mean": 0.1740800142288208,
      "var_ood_mean": 0.3559148907661438,
      "var_ratio_mean": 2.0445476888361473
    },
    "mw": {
      "auroc": 0.869555,
      "fpr_at_95tpr": 0.3235,
      "var_id_mean": 0.1740800142288208,
      "var_ood_mean": 0.3398052453994751,
      "var_ratio_mean": 1.9520060754984974
    },
    "hba": {
      "auroc": 0.8997877499999999,
      "fpr_at_95tpr": 0.26,
      "var_id_mean": 0.1740800142288208,
      "var_ood_mean": 0.38356515765190125,
      "var_ratio_mean": 2.2033842273560347
    },
    "hbd": {
      "auroc": 0.8642470000000001,
      "fpr_at_95tpr": 0.3335,
      "var_id_mean": 0.1740800142288208,
      "var_ood_mean": 0.3371947109699249,
      "var_ratio_mean": 1.9370099000839909
    },
    "rotb": {
      "auroc": 0.88123725,
      "fpr_at_95tpr": 0.2845,
      "var_id_mean": 0.1740800142288208,
      "var_ood_mean": 0.3549056947231293,
      "var_ratio_mean": 2.0387503774820583
    }
  }
}