{
  "n_samples": 4000,
  "beta": 1.0,
  "delta_v_stats": {
    "mean": 6.384751796722412,
    "std": 3.5845255851745605,
    "min": -8.999666213989258,
    "max": 17.791393280029297
  },
  "overall_accept_rate": 0.08425,
  "bin_centers": [
    -1.1977328708767891,
    -0.5232100090384486,
    0.15131285279989204,
    0.8258357146382327,
    1.5003585764765734,
    2.174881438314914,
    2.8494043001532545,
    3.5239271619915953,
    4.1984500238299365,
    4.872972885668277,
    5.547495747506618,
    6.222018609344958,
    6.896541471183298,
    7.5710643330216385,
    8.24558719485998,
    8.92011005669832,
    9.59463291853666,
    10.269155780375002,
    10.943678642213342,
    11.618201504051683,
    12.292724365890024,
    12.967247227728365,
    13.641770089566705,
    14.316292951405046
  ],
  "empirical_accept": [
    1.0,
    1.0,
    0.8020833333333334,
    0.4954954954954955,
    0.24761904761904763,
    0.07746478873239436,
    0.06206896551724138,
    0.03389830508474576,
    0.012711864406779662,
    0.00684931506849315,
    0.0032679738562091504,
    0.006309148264984227,
    0.003424657534246575,
    0.0,
    0.0,
    0.0,
    0.0,
    0.0,
    0.0,
    0.0,
    0.0,
    0.0,
    0.0,
    0.0
  ],
  "theoretical_accept": [
    1.0,
    1.0,
    0.859578734974414,
    0.43786890605995105,
    0.2230501652647854,
    0.11362162404342169,
    0.05787878899322585,
    0.029483421342773094,
    0.015018837629398702,
    0.007650587125416249,
    0.0038972046178202303,
    0.0019852337584264803,
    0.0010112769182236264,
    0.0005151438720961825,
    0.00026241398787623207,
    0.00013367353231419246,
    6.809321936672525e-05,
    3.468664621524839e-05,
    1.766935734352647e-05,
    9.000760321301563e-06,
    4.584982056022408e-06,
    2.3355871841510775e-06,
    1.1897467488679957e-06,
    6.060562996951282e-07
  ],
  "bin_counts": [
    29,
    75,
    96,
    111,
    105,
    142,
    145,
    177,
    236,
    292,
    306,
    317,
    292,
    317,
    251,
    226,
    198,
    168,
    138,
    105,
    67,
    49,
    36,
    42
  ],
  "residual_max_abs": 0.05762658943554444,
  "residual_rmse": 0.0189360542551185,
  "linear_fit_slope": 0.9907365499682707,
  "linear_fit_intercept": 0.0014106688905809353,
  "pass": true
}