{
  "target": "KAT2A",
  "n_top_requested": 2469,
  "n_phi_computed": 2469,
  "score_min": -11.193,
  "score_max": -9.015,
  "score_mean": -9.35775860672337,
  "y_raw": [
    3.619962453842163,
    0.5966567397117615,
    3.1131772994995117,
    84.79601287841797,
    431.1783752441406,
    4.999189853668213,
    1.436208963394165,
    4.425678253173828
  ],
  "y_std": [
    0.8107554316520691,
    -0.9755414724349976,
    0.07264570891857147,
    0.8711984157562256,
    1.5983736515045166,
    0.6166221499443054,
    0.21847020089626312,
    -0.0867672711610794
  ],
  "phi_std_of_top": [
    1.2176085710525513,
    0.15032458305358887,
    0.6714116334915161,
    25.939865112304688,
    49.670166015625,
    1.6893157958984375,
    1.0287917852401733,
    1.4897555112838745
  ],
  "top_frac": 0.01
}