{
  "target": "VDR",
  "n_top_requested": 2469,
  "n_phi_computed": 2469,
  "score_min": -14.343,
  "score_max": -11.777,
  "score_mean": -12.229350344268935,
  "y_raw": [
    3.6545968055725098,
    0.6058148145675659,
    3.260608196258545,
    81.06375885009766,
    442.266845703125,
    4.748481273651123,
    1.2377480268478394,
    4.4653706550598145
  ],
  "y_std": [
    0.834902822971344,
    -0.9094500541687012,
    0.2495085597038269,
    0.7084590792655945,
    1.777382493019104,
    0.4665512144565582,
    -0.006424755789339542,
    -0.06115759536623955
  ],
  "phi_std_of_top": [
    1.0833733081817627,
    0.12833742797374725,
    0.6777289509773254,
    22.763471603393555,
    38.4019660949707,
    1.51365065574646,
    0.961270272731781,
    1.442047119140625
  ],
  "top_frac": 0.01
}