{
  "target": "MTORC1",
  "n_top_requested": 2469,
  "n_phi_computed": 2469,
  "score_min": -14.306,
  "score_max": -10.7,
  "score_mean": -11.11955893074119,
  "y_raw": [
    3.96813702583313,
    0.5691432952880859,
    3.3205747604370117,
    79.62969970703125,
    452.0748291015625,
    4.7428107261657715,
    1.239368200302124,
    4.541109561920166
  ],
  "y_std": [
    1.0535061359405518,
    -1.1740988492965698,
    0.32144638895988464,
    0.6459290385246277,
    1.9357197284698486,
    0.46315690875053406,
    -0.004588783252984285,
    -0.0122905895113945
  ],
  "phi_std_of_top": [
    1.2798073291778564,
    0.1594904363155365,
    0.6859518885612488,
    25.320295333862305,
    52.891727447509766,
    1.6455519199371338,
    1.0367040634155273,
    1.73836088180542
  ],
  "top_frac": 0.01
}