{
  "target": "MAPK1",
  "n_top_requested": 2469,
  "n_phi_computed": 2469,
  "score_min": -10.992,
  "score_max": -8.626,
  "score_mean": -8.927377480761441,
  "y_raw": [
    3.6181087493896484,
    0.6033124923706055,
    3.3289220333099365,
    80.42512512207031,
    436.04217529296875,
    4.942081928253174,
    1.1150263547897339,
    4.052248001098633
  ],
  "y_std": [
    0.8094630241394043,
    -0.9275086522102356,
    0.33146002888679504,
    0.6806123852729797,
    1.6768933534622192,
    0.5824381113052368,
    -0.1454923450946808,
    -0.3277057707309723
  ],
  "phi_std_of_top": [
    1.3415638208389282,
    0.16412051022052765,
    0.6698333621025085,
    25.885879516601562,
    55.80027389526367,
    1.7191073894500732,
    0.9919281005859375,
    1.6233434677124023
  ],
  "top_frac": 0.01
}