{
  "laplace_fitted": true,
  "var_at_zero": [
    0.0026622849982231855,
    0.0026622849982231855,
    0.0026622849982231855,
    0.0026622849982231855,
    0.0026622849982231855,
    0.0026622849982231855,
    0.0026622849982231855,
    0.0026622849982231855
  ],
  "var_at_3sigma": [
    [
      0.05157144367694855,
      0.05157144367694855,
      0.05157144367694855,
      0.05157144367694855,
      0.05157144367694855,
      0.05157144367694855,
      0.05157144367694855,
      0.05157144367694855
    ],
    [
      0.03238970413804054,
      0.03238970413804054,
      0.03238970413804054,
      0.03238970413804054,
      0.03238970413804054,
      0.03238970413804054,
      0.03238970413804054,
      0.03238970413804054
    ],
    [
      0.07819746434688568,
      0.07819746434688568,
      0.07819746434688568,
      0.07819746434688568,
      0.07819746434688568,
      0.07819746434688568,
      0.07819746434688568,
      0.07819746434688568
    ],
    [
      0.07017255574464798,
      0.07017255574464798,
      0.07017255574464798,
      0.07017255574464798,
      0.07017255574464798,
      0.07017255574464798,
      0.07017255574464798,
      0.07017255574464798
    ],
    [
      0.06600910425186157,
      0.06600910425186157,
      0.06600910425186157,
      0.06600910425186157,
      0.06600910425186157,
      0.06600910425186157,
      0.06600910425186157,
      0.06600910425186157
    ],
    [
      0.08718515932559967,
      0.08718515932559967,
      0.08718515932559967,
      0.08718515932559967,
      0.08718515932559967,
      0.08718515932559967,
      0.08718515932559967,
      0.08718515932559967
    ],
    [
      0.06933212280273438,
      0.06933212280273438,
      0.06933212280273438,
      0.06933212280273438,
      0.06933212280273438,
      0.06933212280273438,
      0.06933212280273438,
      0.06933212280273438
    ],
    [
      0.05821523815393448,
      0.05821523815393448,
      0.05821523815393448,
      0.05821523815393448,
      0.05821523815393448,
      0.05821523815393448,
      0.05821523815393448,
      0.05821523815393448
    ]
  ],
  "ckpt": "results/checkpoints/joint_final.pt",
  "phi_properties": [
    "logP",
    "qed",
    "sa",
    "tpsa",
    "mw",
    "hba",
    "hbd",
    "rotb"
  ],
  "response_matrix": [
    [
      0.8477330803871155,
      -0.062102556228637695,
      -0.07272081077098846,
      -0.08107888698577881,
      0.10064024478197098,
      -0.007522854954004288,
      -0.021722998470067978,
      -0.03211323544383049
    ],
    [
      -0.010896403342485428,
      0.760016143321991,
      0.02063591778278351,
      -0.01961413025856018,
      -0.01863473653793335,
      -0.03034217655658722,
      0.011068830266594887,
      -0.03202085196971893
    ],
    [
      -0.09097641706466675,
      0.030060946941375732,
      0.9585285782814026,
      -0.048600003123283386,
      0.013074539601802826,
      -0.018464528024196625,
      0.01475861668586731,
      -0.0016832351684570312
    ],
    [
      -0.06868565082550049,
      -0.0825534462928772,
      -0.022724315524101257,
      0.8159921169281006,
      0.05922481045126915,
      0.12111810594797134,
      0.08990397304296494,
      -0.027304494753479958
    ],
    [
      0.06195338815450668,
      -0.07538795471191406,
      0.04181867092847824,
      0.04545798897743225,
      0.8922388553619385,
      0.024712132290005684,
      0.0001737251877784729,
      0.012213192880153656
    ],
    [
      -0.00923909991979599,
      -0.07294091582298279,
      -0.0069068968296051025,
      0.12351608276367188,
      0.02586159110069275,
      0.8446479439735413,
      -0.08058745414018631,
      0.0007288455963134766
    ],
    [
      -0.029662292450666428,
      -0.03810659050941467,
      0.029779165983200073,
      0.0907292366027832,
      0.00707167387008667,
      -0.09923691302537918,
      0.9892336130142212,
      0.005605153739452362
    ],
    [
      -0.023427655920386314,
      -0.06254780292510986,
      0.011494562029838562,
      -0.02221051976084709,
      0.009724393486976624,
      -0.0012353211641311646,
      0.03652919828891754,
      0.9334002733230591
    ]
  ],
  "bickerton": {
    "aligned_properties": [
      "logP",
      "tpsa",
      "mw",
      "hba",
      "hbd",
      "rotb"
    ],
    "mu_diag": [
      0.8477330803871155,
      0.8159921169281006,
      0.8922388553619385,
      0.8446479439735413,
      0.9892336130142212,
      0.9334002733230591
    ],
    "bickerton_weight_mean": [
      0.46,
      0.06,
      0.66,
      0.05,
      0.61,
      0.65
    ],
    "spearman": 0.7142857142857143,
    "pvalue": 0.1107871720116617,
    "pass": true
  },
  "wc_proxy": {
    "other_properties": [
      "qed",
      "sa",
      "tpsa",
      "mw",
      "hba",
      "hbd",
      "rotb"
    ],
    "mu_diag": [
      0.760016143321991,
      0.9585285782814026,
      0.8159921169281006,
      0.8922388553619385,
      0.8446479439735413,
      0.9892336130142212,
      0.9334002733230591
    ],
    "empirical_logp_pearson_abs": [
      0.06465207267201495,
      0.4916464103097163,
      0.157694155771574,
      0.42710465338187403,
      0.0505695500514704,
      0.279169308665522,
      0.08692521547096185
    ],
    "spearman": 0.6071428571428572,
    "pvalue": 0.1482311614811614,
    "pass": true
  },
  "c2_overall_pass": true
}