{
  "target": "ALDH1",
  "n_top_requested": 2469,
  "n_phi_computed": 2469,
  "score_min": -13.271,
  "score_max": -10.377,
  "score_mean": -10.756914135277441,
  "y_raw": [
    3.9066035747528076,
    0.5994060039520264,
    3.1797547340393066,
    76.01886749267578,
    428.59942626953125,
    4.545565128326416,
    1.208991527557373,
    4.16119909286499
  ],
  "y_std": [
    1.0106043815612793,
    -0.9557007551193237,
    0.15251414477825165,
    0.48848414421081543,
    1.5567398071289062,
    0.3450882136821747,
    -0.039011478424072266,
    -0.2574101388454437
  ],
  "phi_std_of_top": [
    1.255279779434204,
    0.16391703486442566,
    0.6751723289489746,
    26.341718673706055,
    57.53742980957031,
    1.7072200775146484,
    0.9986218810081482,
    1.692643642425537
  ],
  "top_frac": 0.01
}