{
  "properties": [
    "logP",
    "qed",
    "sa",
    "tpsa",
    "mw",
    "hba",
    "hbd",
    "rotb"
  ],
  "delta": 1.5,
  "n_per_setting": 128,
  "mh_steps": 40,
  "beta": 1.0,
  "seed_baseline_phi_z_mean": [
    0.6176307797431946,
    10.807918548583984,
    20.02461051940918,
    1.2902076244354248,
    -0.11626030504703522,
    0.2196079045534134,
    0.9724447727203369,
    -2.6750760078430176
  ],
  "diag_response": [
    3.017836093902588,
    1.8799715042114258,
    14.601216316223145,
    4.307826042175293,
    3.6559154987335205,
    2.347585439682007,
    2.4877166748046875,
    1.0786988735198975
  ],
  "diag_response_mean": 4.172095775604248,
  "diag_positive_fraction": 1.0,
  "max_abs_off_diag": 4.132715225219727,
  "off_diag_l1_mean": 1.013290524482727,
  "accept_rates": {
    "logP_pos": 0.1052734375,
    "logP_neg": 0.0955078125,
    "qed_pos": 0.12109375,
    "qed_neg": 0.0638671875,
    "sa_pos": 0.1265625,
    "sa_neg": 0.168359375,
    "tpsa_pos": 0.1447265625,
    "tpsa_neg": 0.0658203125,
    "mw_pos": 0.16640625,
    "mw_neg": 0.0560546875,
    "hba_pos": 0.1265625,
    "hba_neg": 0.0724609375,
    "hbd_pos": 0.121484375,
    "hbd_neg": 0.0763671875,
    "rotb_pos": 0.0931640625,
    "rotb_neg": 0.0751953125
  },
  "pos_means": [
    [
      2.1182026863098145,
      11.985485076904297,
      17.599842071533203,
      0.9929510951042175,
      1.393322467803955,
      0.40666648745536804,
      0.6625873446464539,
      -2.488572120666504
    ],
    [
      1.3376390933990479,
      12.325468063354492,
      19.049217224121094,
      1.6700183153152466,
      1.3043088912963867,
      0.5796952843666077,
      1.3619821071624756,
      -2.468409538269043
    ],
    [
      -1.0499820709228516,
      11.298567771911621,
      25.660663604736328,
      2.809711217880249,
      0.8225510120391846,
      0.9444586634635925,
      2.5305893421173096,
      -2.4381654262542725
    ],
    [
      -0.35656264424324036,
      12.17597484588623,
      19.995237350463867,
      4.936278820037842,
      2.3749003410339355,
      2.665397882461548,
      2.8847124576568604,
      -1.767759084701538
    ],
    [
      1.633496642112732,
      13.35578441619873,
      18.098491668701172,
      3.1656930446624756,
      3.280311107635498,
      1.931194543838501,
      1.7249596118927002,
      -1.9643445014953613
    ],
    [
      0.41642025113105774,
      11.980496406555176,
      19.27823257446289,
      3.188591480255127,
      1.6224442720413208,
      2.0901942253112793,
      1.5833098888397217,
      -2.150848627090454
    ],
    [
      -0.022690055891871452,
      11.523993492126465,
      20.161291122436523,
      2.633808135986328,
      0.9673374891281128,
      0.8556063175201416,
      2.8935647010803223,
      -2.387759208679199
    ],
    [
      0.6079251170158386,
      11.293092727661133,
      19.635164260864258,
      1.9744555950164795,
      0.5736286640167236,
      0.7153126001358032,
      1.1318012475967407,
      -1.6770274639129639
    ]
  ],
  "neg_means": [
    [
      -0.899633526802063,
      10.714803695678711,
      21.73255729675293,
      2.553980588912964,
      0.08872781693935394,
      0.9631648659706116,
      1.9728463888168335,
      -2.382718324661255
    ],
    [
      0.3528639078140259,
      10.445496559143066,
      20.220800399780273,
      1.3336714506149292,
      -0.38701000809669495,
      0.16349025070667267,
      1.025563359260559,
      -2.6297101974487305
    ],
    [
      2.9345693588256836,
      13.101425170898438,
      11.059447288513184,
      1.7430676221847534,
      3.32186222076416,
      1.1595771312713623,
      1.0078574419021606,
      -1.8988159894943237
    ],
    [
      1.2869185209274292,
      11.157925605773926,
      19.06173324584961,
      0.6284530162811279,
      0.03711753338575363,
      -0.09839159995317459,
      0.627174973487854,
      -2.6347508430480957
    ],
    [
      0.5142701268196106,
      10.727222442626953,
      19.87105369567871,
      1.2132647037506104,
      -0.3756043612957001,
      0.16349036991596222,
      0.999004065990448,
      -2.6095476150512695
    ],
    [
      0.8690625429153442,
      10.923006057739258,
      19.773759841918945,
      0.8584547638893127,
      -0.06926945596933365,
      -0.25739121437072754,
      1.0078572034835815,
      -2.6700353622436523
    ],
    [
      1.1502573490142822,
      11.18054485321045,
      18.95861053466797,
      1.1313889026641846,
      0.25059857964515686,
      0.37860772013664246,
      0.40584802627563477,
      -2.574262857437134
    ],
    [
      0.7592338919639587,
      10.942793846130371,
      19.54092788696289,
      1.2504572868347168,
      -0.08154645562171936,
      0.20557847619056702,
      0.8927673101425171,
      -2.7557263374328613
    ]
  ],
  "pass_sampler_sanity": true
}